Time,3 Theta,3 Alpha,3 Low_beta,3 High_beta,3 Gamma,4 Theta,4 Alpha,4 Low_beta,4 High_beta,4 Gamma,5 Theta,5 Alpha,5 Low_beta,5 High_beta,5 Gamma,6 Theta,6 Alpha,6 Low_beta,6 High_beta,6 Gamma,7 Theta,7 Alpha,7 Low_beta,7 High_beta,7 Gamma,8 Theta,8 Alpha,8 Low_beta,8 High_beta,8 Gamma,9 Theta,9 Alpha,9 Low_beta,9 High_beta,9 Gamma,10 Theta,10 Alpha,10 Low_beta,10 High_beta,10 Gamma,11 Theta,11 Alpha,11 Low_beta,11 High_beta,11 Gamma,12 Theta,12 Alpha,12 Low_beta,12 High_beta,12 Gamma,13 Theta,13 Alpha,13 Low_beta,13 High_beta,13 Gamma,14 Theta,14 Alpha,14 Low_beta,14 High_beta,14 Gamma,15 Theta,15 Alpha,15 Low_beta,15 High_beta,15 Gamma,16 Theta,16 Alpha,16 Low_beta,16 High_beta,16 Gamma,Label
2.5502028465270996,95.70813747804523,32.04991346002015,15.502059324694308,8.307236594994007,3.4002915535853298,73.61787665961224,24.75902427679416,13.009670149881849,6.786504711025431,2.8766947977665374,99.96430586394571,34.5783616301226,17.12360343497447,9.417580317823129,3.7456914885546415,83.15026686010678,28.87036691116801,14.552814056810469,7.520988551435559,3.1122032196618443,76.61209143112926,25.855775250634302,15.277889051823914,8.075061961916514,4.380561612473084,89.93911440507618,30.245146184367652,16.20735616009066,8.158920334257662,3.4860470113285116,135.04238193575975,38.92459414962236,19.155595950020793,10.023587074684055,4.025189802802783,86.32286568584951,29.963154612753897,15.82500795519616,8.5387325838408,3.4437470026653987,90.80162730514581,31.162924920356414,16.478705685499136,8.677735423069832,3.5937540227389926,118.72624534803052,41.21925392420785,22.30446695354709,11.493912772801453,5.154139755326531,84.0382820795183,29.404812099936926,14.907828170016753,7.5586190352618985,3.1769401368329695,117.09182647222845,41.038901471618146,20.973214130099823,10.661528829843647,4.57817440863604,87.18824767399505,30.800265245804365,16.05602648283551,8.72362475091854,3.841080031794142,108.6654054087349,35.457258657599624,16.812694420063156,9.076981971225107,3.805764329829494,0
2.652679920196533,95.70813747804523,32.04991346002015,15.502059324694308,8.307236594994007,3.4002915535853298,73.61787665961224,24.75902427679416,13.009670149881849,6.786504711025431,2.8766947977665374,99.96430586394571,34.5783616301226,17.12360343497447,9.417580317823129,3.7456914885546415,83.15026686010678,28.87036691116801,14.552814056810469,7.520988551435559,3.1122032196618443,76.61209143112926,25.855775250634302,15.277889051823914,8.075061961916514,4.380561612473084,89.93911440507618,30.245146184367652,16.20735616009066,8.158920334257662,3.4860470113285116,135.04238193575975,38.92459414962236,19.155595950020793,10.023587074684055,4.025189802802783,86.32286568584951,29.963154612753897,15.82500795519616,8.5387325838408,3.4437470026653987,90.80162730514581,31.162924920356414,16.478705685499136,8.677735423069832,3.5937540227389926,118.72624534803052,41.21925392420785,22.30446695354709,11.493912772801453,5.154139755326531,84.0382820795183,29.404812099936926,14.907828170016753,7.5586190352618985,3.1769401368329695,117.09182647222845,41.038901471618146,20.973214130099823,10.661528829843647,4.57817440863604,87.18824767399505,30.800265245804365,16.05602648283551,8.72362475091854,3.841080031794142,108.6654054087349,35.457258657599624,16.812694420063156,9.076981971225107,3.805764329829494,0
3.0582590103149414,4.383316432429594,1.1717933626874943,0.5079058472432112,0.546951353247876,0.14092603928876457,0.8569238323814266,0.5909018825357842,0.4770152162730532,0.5547757703235147,0.18640350332966055,1.1776401610249194,0.6699670640894776,0.36584602849024056,0.5736970320474302,0.2052379473896261,0.0540228368851938,0.051282275075519614,0.038681838532240845,0.06821378030460766,0.033072746174058594,0.5132844505091363,0.23199742617104388,1.0460513035605592,2.122899659404639,1.3498891220593585,0.4411706450892503,0.33429480965332226,0.30457483794126994,0.2637932233158642,0.16345125607326777,20.59813461987969,4.828023804267158,2.524411230921624,0.8696223311829789,0.32262734155800105,0.6264769850380195,0.5780392796192162,0.3009286840796064,0.6044583729748932,0.18276990620688074,0.7239674899198373,0.8983453794211648,0.2539804575944471,0.6096533370799723,0.19450637870305612,0.8174543212683294,0.4810084925996592,0.884675350484185,1.163930561334023,0.5722811144986517,0.028377374164942785,0.016452229903170922,0.0143130477218792,0.020938965966934682,0.04368185167263372,1.2639641641053738,0.8643802881365067,0.7706679020868373,0.4698745185178293,0.2230454353793846,0.7529957080834855,0.7183899647636677,1.1131398503303602,1.0800093525878445,0.5896525003830941,12.593511650729152,2.1022593318493383,0.7781952402100616,0.652199774293222,0.28539510312037064,0
3.426740884780884,4.383316432429594,1.1717933626874943,0.5079058472432112,0.546951353247876,0.14092603928876457,0.8569238323814266,0.5909018825357842,0.4770152162730532,0.5547757703235147,0.18640350332966055,1.1776401610249194,0.6699670640894776,0.36584602849024056,0.5736970320474302,0.2052379473896261,0.0540228368851938,0.051282275075519614,0.038681838532240845,0.06821378030460766,0.033072746174058594,0.5132844505091363,0.23199742617104388,1.0460513035605592,2.122899659404639,1.3498891220593585,0.4411706450892503,0.33429480965332226,0.30457483794126994,0.2637932233158642,0.16345125607326777,20.59813461987969,4.828023804267158,2.524411230921624,0.8696223311829789,0.32262734155800105,0.6264769850380195,0.5780392796192162,0.3009286840796064,0.6044583729748932,0.18276990620688074,0.7239674899198373,0.8983453794211648,0.2539804575944471,0.6096533370799723,0.19450637870305612,0.8174543212683294,0.4810084925996592,0.884675350484185,1.163930561334023,0.5722811144986517,0.028377374164942785,0.016452229903170922,0.0143130477218792,0.020938965966934682,0.04368185167263372,1.2639641641053738,0.8643802881365067,0.7706679020868373,0.4698745185178293,0.2230454353793846,0.7529957080834855,0.7183899647636677,1.1131398503303602,1.0800093525878445,0.5896525003830941,12.593511650729152,2.1022593318493383,0.7781952402100616,0.652199774293222,0.28539510312037064,0
3.5274147987365723,1.797401048045925,0.40651127989027036,0.2422117879709426,0.26878964323981114,0.09491049521940413,1.110150639567202,0.5921301762982685,0.27087009749336394,0.3671132346632873,0.08779421817768143,1.1380504597622323,0.4931926631582815,0.34633377154540274,0.3583724791586292,0.18097434532859033,0.02557544717993152,0.06389759614149665,0.05653696885905752,0.07834112139352226,0.02918713125857006,0.3280485609306211,0.21270071502092816,2.096834881312621,1.8525827071734233,1.1935160915213678,0.3032797591270905,0.2452811995441625,0.16514741808193797,0.19625597632185773,0.1064557874931721,11.358842048731324,2.7276769291636507,2.4711468650384796,0.7036003496831121,0.19009251085800258,0.5512233880664088,0.5940644071048433,0.5794934159741529,0.33698769990722677,0.143511348300152,1.149354261189599,0.5871422685669144,0.4513209061775516,0.32294969246139704,0.17723792351905926,1.9621802415467036,0.26060861974921906,0.8933077926250428,0.6749174791836127,0.33022664727252554,0.051563354090449647,0.0156383365435659,0.019873787552999147,0.02291136032451816,0.04851095787838882,1.7712839812693468,0.439312644133545,0.8095318614874618,0.48251423630692475,0.22271646390579708,2.1012806311589913,0.3574842701800333,1.0944574777674163,0.6812309593259097,0.6614107614284412,5.1690777866905515,0.53588012515299,0.8033619454245563,0.4540285537528714,0.26830379571029395,0
3.840606927871704,1.797401048045925,0.40651127989027036,0.2422117879709426,0.26878964323981114,0.09491049521940413,1.110150639567202,0.5921301762982685,0.27087009749336394,0.3671132346632873,0.08779421817768143,1.1380504597622323,0.4931926631582815,0.34633377154540274,0.3583724791586292,0.18097434532859033,0.02557544717993152,0.06389759614149665,0.05653696885905752,0.07834112139352226,0.02918713125857006,0.3280485609306211,0.21270071502092816,2.096834881312621,1.8525827071734233,1.1935160915213678,0.3032797591270905,0.2452811995441625,0.16514741808193797,0.19625597632185773,0.1064557874931721,11.358842048731324,2.7276769291636507,2.4711468650384796,0.7036003496831121,0.19009251085800258,0.5512233880664088,0.5940644071048433,0.5794934159741529,0.33698769990722677,0.143511348300152,1.149354261189599,0.5871422685669144,0.4513209061775516,0.32294969246139704,0.17723792351905926,1.9621802415467036,0.26060861974921906,0.8933077926250428,0.6749174791836127,0.33022664727252554,0.051563354090449647,0.0156383365435659,0.019873787552999147,0.02291136032451816,0.04851095787838882,1.7712839812693468,0.439312644133545,0.8095318614874618,0.48251423630692475,0.22271646390579708,2.1012806311589913,0.3574842701800333,1.0944574777674163,0.6812309593259097,0.6614107614284412,5.1690777866905515,0.53588012515299,0.8033619454245563,0.4540285537528714,0.26830379571029395,0
3.945497989654541,1.797401048045925,0.40651127989027036,0.2422117879709426,0.26878964323981114,0.09491049521940413,1.110150639567202,0.5921301762982685,0.27087009749336394,0.3671132346632873,0.08779421817768143,1.1380504597622323,0.4931926631582815,0.34633377154540274,0.3583724791586292,0.18097434532859033,0.02557544717993152,0.06389759614149665,0.05653696885905752,0.07834112139352226,0.02918713125857006,0.3280485609306211,0.21270071502092816,2.096834881312621,1.8525827071734233,1.1935160915213678,0.3032797591270905,0.2452811995441625,0.16514741808193797,0.19625597632185773,0.1064557874931721,11.358842048731324,2.7276769291636507,2.4711468650384796,0.7036003496831121,0.19009251085800258,0.5512233880664088,0.5940644071048433,0.5794934159741529,0.33698769990722677,0.143511348300152,1.149354261189599,0.5871422685669144,0.4513209061775516,0.32294969246139704,0.17723792351905926,1.9621802415467036,0.26060861974921906,0.8933077926250428,0.6749174791836127,0.33022664727252554,0.051563354090449647,0.0156383365435659,0.019873787552999147,0.02291136032451816,0.04851095787838882,1.7712839812693468,0.439312644133545,0.8095318614874618,0.48251423630692475,0.22271646390579708,2.1012806311589913,0.3574842701800333,1.0944574777674163,0.6812309593259097,0.6614107614284412,5.1690777866905515,0.53588012515299,0.8033619454245563,0.4540285537528714,0.26830379571029395,0
4.046482801437378,1.1140588734047832,0.3036084783881958,0.26366356742122143,0.21793623942617732,0.10968129815039405,1.1146154412252907,0.5428231769443659,0.42098291412134153,0.35306628343219365,0.12944240866573897,1.3171097220954966,0.47214421119289285,0.5244740222728845,0.47909678463632493,0.2299017592644142,0.07439511556061652,0.06635717558586202,0.03663073501461392,0.09591208663632997,0.03131423129487175,0.2690305953133618,0.5421414650464039,3.127711911696778,1.0262776573836683,1.319374769359448,0.5679200004275353,0.15960978424683311,0.21650729343748057,0.23652051221405665,0.11451137002581908,38.26600967290583,8.443553872895793,2.7212497037615835,2.09441567308601,0.29738289640969257,0.5167774137912655,0.5834731767823282,0.6927881834482077,0.5315923681251713,0.18732674192421603,1.0587413819005245,0.23184901922372245,0.47578779043721897,0.49220825571001414,0.17300122059719308,1.570086074373787,0.25444489159858574,0.6763766027210827,0.48617736224526303,0.3612250876903938,0.04296834199600583,0.018779069638468135,0.025314200422599895,0.02637213703417683,0.04441988535727624,1.1873674795814702,0.42379617853171886,0.4780699713152783,0.4334051184610261,0.2673828744399462,1.758794813979956,0.3275361349399253,0.8088910172252904,0.5284759638105136,0.6354240267923476,2.025481760997955,0.4096725085029596,0.8269142722443692,0.32586541666246815,0.29518027309219486,0
4.148685932159424,1.1140588734047832,0.3036084783881958,0.26366356742122143,0.21793623942617732,0.10968129815039405,1.1146154412252907,0.5428231769443659,0.42098291412134153,0.35306628343219365,0.12944240866573897,1.3171097220954966,0.47214421119289285,0.5244740222728845,0.47909678463632493,0.2299017592644142,0.07439511556061652,0.06635717558586202,0.03663073501461392,0.09591208663632997,0.03131423129487175,0.2690305953133618,0.5421414650464039,3.127711911696778,1.0262776573836683,1.319374769359448,0.5679200004275353,0.15960978424683311,0.21650729343748057,0.23652051221405665,0.11451137002581908,38.26600967290583,8.443553872895793,2.7212497037615835,2.09441567308601,0.29738289640969257,0.5167774137912655,0.5834731767823282,0.6927881834482077,0.5315923681251713,0.18732674192421603,1.0587413819005245,0.23184901922372245,0.47578779043721897,0.49220825571001414,0.17300122059719308,1.570086074373787,0.25444489159858574,0.6763766027210827,0.48617736224526303,0.3612250876903938,0.04296834199600583,0.018779069638468135,0.025314200422599895,0.02637213703417683,0.04441988535727624,1.1873674795814702,0.42379617853171886,0.4780699713152783,0.4334051184610261,0.2673828744399462,1.758794813979956,0.3275361349399253,0.8088910172252904,0.5284759638105136,0.6354240267923476,2.025481760997955,0.4096725085029596,0.8269142722443692,0.32586541666246815,0.29518027309219486,0
4.302249908447266,1.1140588734047832,0.3036084783881958,0.26366356742122143,0.21793623942617732,0.10968129815039405,1.1146154412252907,0.5428231769443659,0.42098291412134153,0.35306628343219365,0.12944240866573897,1.3171097220954966,0.47214421119289285,0.5244740222728845,0.47909678463632493,0.2299017592644142,0.07439511556061652,0.06635717558586202,0.03663073501461392,0.09591208663632997,0.03131423129487175,0.2690305953133618,0.5421414650464039,3.127711911696778,1.0262776573836683,1.319374769359448,0.5679200004275353,0.15960978424683311,0.21650729343748057,0.23652051221405665,0.11451137002581908,38.26600967290583,8.443553872895793,2.7212497037615835,2.09441567308601,0.29738289640969257,0.5167774137912655,0.5834731767823282,0.6927881834482077,0.5315923681251713,0.18732674192421603,1.0587413819005245,0.23184901922372245,0.47578779043721897,0.49220825571001414,0.17300122059719308,1.570086074373787,0.25444489159858574,0.6763766027210827,0.48617736224526303,0.3612250876903938,0.04296834199600583,0.018779069638468135,0.025314200422599895,0.02637213703417683,0.04441988535727624,1.1873674795814702,0.42379617853171886,0.4780699713152783,0.4334051184610261,0.2673828744399462,1.758794813979956,0.3275361349399253,0.8088910172252904,0.5284759638105136,0.6354240267923476,2.025481760997955,0.4096725085029596,0.8269142722443692,0.32586541666246815,0.29518027309219486,0
4.45765495300293,1.1140588734047832,0.3036084783881958,0.26366356742122143,0.21793623942617732,0.10968129815039405,1.1146154412252907,0.5428231769443659,0.42098291412134153,0.35306628343219365,0.12944240866573897,1.3171097220954966,0.47214421119289285,0.5244740222728845,0.47909678463632493,0.2299017592644142,0.07439511556061652,0.06635717558586202,0.03663073501461392,0.09591208663632997,0.03131423129487175,0.2690305953133618,0.5421414650464039,3.127711911696778,1.0262776573836683,1.319374769359448,0.5679200004275353,0.15960978424683311,0.21650729343748057,0.23652051221405665,0.11451137002581908,38.26600967290583,8.443553872895793,2.7212497037615835,2.09441567308601,0.29738289640969257,0.5167774137912655,0.5834731767823282,0.6927881834482077,0.5315923681251713,0.18732674192421603,1.0587413819005245,0.23184901922372245,0.47578779043721897,0.49220825571001414,0.17300122059719308,1.570086074373787,0.25444489159858574,0.6763766027210827,0.48617736224526303,0.3612250876903938,0.04296834199600583,0.018779069638468135,0.025314200422599895,0.02637213703417683,0.04441988535727624,1.1873674795814702,0.42379617853171886,0.4780699713152783,0.4334051184610261,0.2673828744399462,1.758794813979956,0.3275361349399253,0.8088910172252904,0.5284759638105136,0.6354240267923476,2.025481760997955,0.4096725085029596,0.8269142722443692,0.32586541666246815,0.29518027309219486,0
4.559890985488892,1.0404955048118305,0.42332389186733915,0.3407635384198108,0.3128017191830654,0.16452903529393173,0.8205156804287854,0.7061172566669202,0.5526094208421565,0.390193223588708,0.23938706705652457,1.6854504654960192,0.7084080988686396,0.4947057642357384,0.6370491974980589,0.34368334556478647,0.0950176275610361,0.025659608962707033,0.023138836826514794,0.07538207721928725,0.04728729225922007,0.39677458840006413,1.718507766078347,2.759870598404693,0.9939523339073744,1.1432500857316523,0.7880097423928861,0.4258403641403705,0.5724862874922961,0.2246747985748978,0.20667699827889452,53.410906902434945,12.36053861346081,1.9916923962975726,1.938397121100236,0.33815486825811897,1.4607817115933468,0.48456530802017844,0.8030009020247149,0.5448280328408673,0.25570630152137325,1.6114829902404324,0.2751955548433636,0.5247531201342387,0.5404971849788379,0.1718064508606823,1.7782896159709383,0.600760303546184,1.1030134494610238,0.8875019400788199,0.585450481939767,0.024423738561402168,0.033966133022081034,0.025293859896278047,0.028464728900540928,0.028755514254989182,1.4630741007791785,0.5812328069534538,0.4796777791244888,0.3678919763936694,0.34866742446302695,2.055645558887267,0.6906436558332594,0.9922858034025168,0.63561449580676,0.5407884501074092,2.769216624352725,0.6804950334041917,0.934814000378946,0.36313397992384455,0.2688625570655387,0
5.025016784667969,1.1770104616737322,0.4000139926045174,0.20510706845082782,0.3954775291691103,0.19218288935892694,1.1132041297867683,0.6476286253261452,0.29653950617689756,0.5826452049246076,0.23945458271967693,1.1275590927139552,0.7171434539827585,0.3903436171858928,0.8245428214828141,0.30761242305558206,0.06826840270227179,0.01812776667570011,0.021803855195182284,0.060681381315333786,0.046324020493328386,0.5088403980716774,1.1729190598223431,2.302117965465518,0.6669695243276097,1.0909856418628647,0.7181214349869147,0.48799978276392786,0.5482152860038872,0.30614834482795383,0.1595765980781184,17.252586149988243,3.928216459181188,1.4323027557798684,0.8893500075721539,0.2806776294920014,0.9637959082109826,0.9410465382474106,0.817371874058538,0.4926358583481705,0.17510450152838605,1.1811304753505756,0.7384101914983352,0.41874173738715237,0.682120157949747,0.12783777321931375,1.6909326997392309,0.6181707740647895,0.6461943226357594,1.2793657497606397,0.5548544433269884,0.032266819570695715,0.03116687569606757,0.024543661820520417,0.019705836759845566,0.029790757457674913,1.2304632786041454,0.7274320716540894,0.46932892259326603,0.6507604663934746,0.3874324363843688,1.9439982251001615,0.8258544268148724,0.4375761298032599,0.7562545660190896,0.4963144713505556,2.620690626568288,0.8647252608703666,0.5785035349095532,0.7189812364292615,0.3617189886950511,0
5.539629936218262,0.7933530528333022,0.5184931021111592,0.2980146596123414,0.3088472885397897,0.20410854039286516,0.5874340845383601,0.4141063557995608,0.274122539465411,0.41287219988752644,0.23163761002642133,1.2427846454005458,0.4488035808813401,0.5128021590476518,0.5518931886436608,0.23808659038594665,0.03327974925516018,0.0365821691191259,0.029814910025452487,0.08234366218765347,0.06366275427170244,0.4736479235298072,0.7454125222723668,1.7670302904731192,0.7627999787397777,1.0093782211372782,0.949828539135518,0.34138914850640145,0.2315674276458376,0.31868171111461807,0.09607353270353892,2.1327302610367704,2.8168559539758715,2.896240802343114,1.0068795793649656,0.3499098654030706,0.8845118856800638,1.2458255109598535,2.9514949473954584,0.42198643110274847,0.18049068939588778,0.9585197811677002,1.1451524761714111,1.118184546972718,0.4134412529025601,0.14039794136573713,1.5433784130522488,0.8558590970393392,0.5780790531188784,0.5770026358970837,0.538778234761911,0.04362288236552922,0.033971271744478365,0.025419939967590247,0.023900873486259338,0.03611137929301751,0.8492627465555482,0.7564788038638939,0.5135371538687197,0.43612823262519657,0.2978684506400481,1.2462351692646534,0.7785229052567257,0.30403507980743383,0.5451009062116899,0.4490238311740334,1.7650424951683392,0.5170982187133184,0.6004791252538936,0.48290622310914627,0.3022901809343616,0
6.053880929946899,0.7336364381931677,0.6195965001842427,0.312932228672409,0.31309202760965416,0.14186041749923897,0.4310349209840959,0.45263775680014084,0.2786685697799628,0.2518188597696242,0.12459591630498852,1.8015320937238246,0.3298121942236443,0.33592166982384775,0.37964704106756336,0.1686469164726871,0.016468465316529377,0.032807610439929066,0.0360255423670849,0.06531442107318298,0.06049421602097751,0.47339973349516284,1.1822105162332328,1.0238867066536226,0.7844827470240604,0.8091617121828952,0.4370270533189824,0.2159774722469147,0.14332007403680733,0.21577803036033857,0.06696416445108402,4.547657006118149,3.8762083725925205,2.120225057170552,0.6477376464274066,0.30146827125951237,0.814818738264908,0.6278464022900687,1.9729204608427855,0.426857636486615,0.129068965864055,0.7498288621330901,0.5251809054713759,0.6890620366226236,0.22363960547151848,0.12574881306825902,0.7300951632171776,0.6928376936107212,0.5699051216413209,0.27291435977658035,0.3696357968736937,0.025134920513140074,0.026884717391737836,0.024407242741553863,0.025903479653481564,0.02847494451022676,0.9357431281368628,0.5895776076221365,0.3899231606817412,0.3555576616710745,0.1966673881651375,0.6669635914523756,0.8005035285205204,0.3767471759199059,0.48986593818936675,0.3291911820623328,1.1742472664525643,0.5756186399121009,0.4303943802469748,0.36862152710062385,0.2008784519171604,0
6.570283889770508,0.9521113048729468,0.6415104404117753,0.2955465564664253,0.30898455105831324,0.14835123930789254,0.6951462816592675,0.7351292243580724,0.19714988632768624,0.1442870060296801,0.08988889380518002,0.827776973215127,0.5260881261591583,0.14924187740447356,0.3101639340390163,0.20077619633672367,0.03618541709695962,0.057353482933989515,0.04864175569239446,0.04539900966340303,0.04984760183008536,0.7916576978117322,1.171498313509681,0.7264790832946052,0.6237725823304515,0.8798860657818086,0.2811433851619385,0.43377376335399737,0.13791105543439694,0.1955600567971365,0.08479094301415233,10.265609492904169,3.851513267441967,1.8446241189358519,0.6974307137606581,0.2735639717192224,0.70736820278887,0.7026863785301399,1.1293584466859172,0.48873375970870303,0.09623663671274138,0.5618583285428684,0.5451766701224948,0.374087299318627,0.2755956134895874,0.10377278377936988,0.7411848544665255,0.5251291145565125,0.48631044233862536,0.24038455265411413,0.2881905094222591,0.029848900304539898,0.03327880580438597,0.02877420642921556,0.027205554679284958,0.02549936856483601,0.7854585376324121,0.7282151193388808,0.3046071741738657,0.46089765568731467,0.13962127424875412,0.7131224685812169,0.6938739979809003,0.29698038607215094,0.3877022232505801,0.3058860193899011,0.9024141507438992,0.8373671501677339,0.3722661432541202,0.6056676688147614,0.2133332527252514,0
7.085785865783691,0.5472966008991451,0.4866085167128216,0.3215825308659024,0.25361663527233835,0.1330789073631461,0.3152823096753888,0.3772444650841965,0.27585313442917614,0.18641268732089225,0.1292972540855994,0.6475306181086988,0.29742299251666526,0.2670030558133426,0.24493234127685753,0.22304032817314634,0.045381454666052846,0.03193674781409931,0.06999623184390553,0.04936025539383031,0.053397155784875486,0.6133274694735786,1.0170644358379286,0.6562869819123986,0.7662589859885096,1.0614111167238074,0.3794969244067478,0.6442319798641987,0.175038626143647,0.15712233634888378,0.07795475114733201,7.6189036387580416,4.131576455329618,2.4146226394207684,0.7108900792396692,0.19380130965071585,0.7235464387229141,0.9347144109124278,0.994633236973477,0.4497941325127309,0.1250508377212878,0.43252886739860236,0.7038250536560741,0.3686910206358882,0.24809652122507694,0.09920143381961252,1.3191304866320026,1.0832092427520539,0.7570670809328655,0.26165966080268543,0.23533848725496176,0.03335650460770692,0.043975871279763906,0.029877867800476823,0.0193833592472209,0.024077899385968844,0.5985444586424125,0.7380670028169486,0.35077986451487436,0.37779540285800356,0.12067039213394781,0.620601632529068,0.6081427914665241,0.31894439751774467,0.5496610023597517,0.3227600935097171,1.205822648751117,0.6373965720360042,0.4135592742996975,0.5143926967918188,0.24267364141525066,0
7.546590805053711,0.9403808868132921,0.6959848836882904,0.32175419753390844,0.3051035352864374,0.112485044945991,1.3957411195005527,0.3191531685146315,0.2865740703102639,0.22043203948041298,0.15986933838831455,1.350039569882572,0.5158033803550928,0.30479178644448457,0.21122119089151925,0.20371054729008714,0.06353344360057672,0.04832232826260645,0.09932444211008555,0.06987319667804996,0.0468922574049278,0.41894926374271113,1.0360141197967534,0.79887383395763,0.8570615699084404,0.662281484167343,0.30352531471357375,0.5410438827199546,0.2464205632498575,0.14367816304004982,0.08243027060729018,5.931011578924437,3.7710904218858463,2.490263266922556,0.8526596596330291,0.2359788847146677,0.2796977594039263,0.4207958067783592,0.6324979741932862,0.5491810461857064,0.18301186316631599,0.22310177840424178,0.30593036097759946,0.40797009068204465,0.45696086616311393,0.10706486055682109,1.6253045387486624,0.9578051613273821,0.6925706638150382,0.6040281908155922,0.210937244034655,0.02721343192952613,0.02860489241486768,0.02058265451764963,0.023856516963663935,0.03070675329040603,0.7124774720211038,0.6936067054813987,0.30830758030817385,0.3213986901663015,0.15447977324987336,0.5476098088127057,0.35316976694445984,0.4172552182129608,0.8914023418397894,0.35915781588526313,1.763826452165648,0.7698480938616872,0.5754300766445143,0.47734922519898315,0.1914047626206712,0
8.05775785446167,2.0003660614295047,0.2953944091702792,0.22386698391373067,0.2164020264448486,0.12031903999049143,2.0031210702891427,0.38976012429894147,0.15953467408913405,0.1619554787231022,0.10368822414737225,1.9533677573273158,0.9876841125643424,0.2304477061100051,0.2173929799091324,0.1617448529183744,0.2812532884726495,0.10670487325412516,0.0799144066640512,0.091552432006461,0.041279917379176155,1.2208874825914906,0.8304892315185068,0.8528448324031762,0.7488470235702497,0.49301701246029983,0.6360704838722511,0.4787686986534768,0.27479373762216286,0.08810722546559084,0.09671396362749318,25.271687342208864,5.874099201818379,1.8842809201960753,1.1381973992080276,0.4088615163796926,0.8689259651015875,0.3162047559873818,0.6683363393489532,0.5384515078955671,0.17934873109891936,0.6043177190298682,0.2429635142935624,0.5194509384623305,0.47529593766395106,0.08036702889609017,0.6834607542035713,0.5420139356521186,0.6382501995860075,0.5082776427883903,0.12075366528434375,0.028201006805716602,0.017757381307266035,0.022715649839406386,0.03706667120586495,0.0425664968199304,1.0616406525651272,0.3296510713752638,0.2242463639246458,0.26064287804432873,0.13919619516961737,0.950856042282368,0.36924853848641426,0.5821588033980931,0.5929684853744459,0.21517885417293545,1.6865150459070462,0.6866458123550285,0.39109876213896444,0.3669125474280043,0.1491070227467478,0
8.316097974777222,2.0003660614295047,0.2953944091702792,0.22386698391373067,0.2164020264448486,0.12031903999049143,2.0031210702891427,0.38976012429894147,0.15953467408913405,0.1619554787231022,0.10368822414737225,1.9533677573273158,0.9876841125643424,0.2304477061100051,0.2173929799091324,0.1617448529183744,0.2812532884726495,0.10670487325412516,0.0799144066640512,0.091552432006461,0.041279917379176155,1.2208874825914906,0.8304892315185068,0.8528448324031762,0.7488470235702497,0.49301701246029983,0.6360704838722511,0.4787686986534768,0.27479373762216286,0.08810722546559084,0.09671396362749318,25.271687342208864,5.874099201818379,1.8842809201960753,1.1381973992080276,0.4088615163796926,0.8689259651015875,0.3162047559873818,0.6683363393489532,0.5384515078955671,0.17934873109891936,0.6043177190298682,0.2429635142935624,0.5194509384623305,0.47529593766395106,0.08036702889609017,0.6834607542035713,0.5420139356521186,0.6382501995860075,0.5082776427883903,0.12075366528434375,0.028201006805716602,0.017757381307266035,0.022715649839406386,0.03706667120586495,0.0425664968199304,1.0616406525651272,0.3296510713752638,0.2242463639246458,0.26064287804432873,0.13919619516961737,0.950856042282368,0.36924853848641426,0.5821588033980931,0.5929684853744459,0.21517885417293545,1.6865150459070462,0.6866458123550285,0.39109876213896444,0.3669125474280043,0.1491070227467478,0
8.522084951400757,2.4008693981915257,0.16162583131859945,0.2198769233687157,0.20654738510645812,0.16181920134103592,1.8836342655977216,0.27771227620948924,0.28584176622650603,0.28163733232404864,0.10202315952674973,2.2377119991200605,0.9669775281843894,0.22984016790867134,0.2991238499946807,0.23847146887609527,0.3877632776944158,0.07788566740415122,0.05109133060946455,0.0793169840106723,0.05092991435348483,1.7968629353483507,1.0382710402199846,0.820168516879966,0.8323687570565768,0.6414681458528242,1.1194455092975562,0.3935536733217574,0.3604326913392937,0.1444079030678002,0.13121451215718827,54.20585536127859,5.655703476148533,1.2196144529012658,1.167975962139931,0.353822485666942,1.9130267539641206,0.3473251892981358,0.7634529222076891,0.436636156575122,0.16767006445532776,1.2736608900681265,0.3126056610205714,0.5159755543497764,0.3536921427867643,0.15113178482009104,0.6872137808932036,0.5778670202182807,0.5515290992202867,0.2867340880234952,0.17095871522265094,0.02167548730297337,0.03295341746004765,0.019821875397005966,0.0367692034365434,0.03495539871758081,1.0132901202026732,0.3297639842475797,0.3990304035060472,0.4019356243259148,0.12299707468913823,1.3269719406899434,0.7539480196025852,0.5360599366336162,0.46463326904382574,0.18622423628788973,1.68308000624578,0.6861645935735525,0.4122900708654156,0.3719705727287708,0.11004012530043118,0
8.675221920013428,2.4008693981915257,0.16162583131859945,0.2198769233687157,0.20654738510645812,0.16181920134103592,1.8836342655977216,0.27771227620948924,0.28584176622650603,0.28163733232404864,0.10202315952674973,2.2377119991200605,0.9669775281843894,0.22984016790867134,0.2991238499946807,0.23847146887609527,0.3877632776944158,0.07788566740415122,0.05109133060946455,0.0793169840106723,0.05092991435348483,1.7968629353483507,1.0382710402199846,0.820168516879966,0.8323687570565768,0.6414681458528242,1.1194455092975562,0.3935536733217574,0.3604326913392937,0.1444079030678002,0.13121451215718827,54.20585536127859,5.655703476148533,1.2196144529012658,1.167975962139931,0.353822485666942,1.9130267539641206,0.3473251892981358,0.7634529222076891,0.436636156575122,0.16767006445532776,1.2736608900681265,0.3126056610205714,0.5159755543497764,0.3536921427867643,0.15113178482009104,0.6872137808932036,0.5778670202182807,0.5515290992202867,0.2867340880234952,0.17095871522265094,0.02167548730297337,0.03295341746004765,0.019821875397005966,0.0367692034365434,0.03495539871758081,1.0132901202026732,0.3297639842475797,0.3990304035060472,0.4019356243259148,0.12299707468913823,1.3269719406899434,0.7539480196025852,0.5360599366336162,0.46463326904382574,0.18622423628788973,1.68308000624578,0.6861645935735525,0.4122900708654156,0.3719705727287708,0.11004012530043118,0
8.778567790985107,2.4008693981915257,0.16162583131859945,0.2198769233687157,0.20654738510645812,0.16181920134103592,1.8836342655977216,0.27771227620948924,0.28584176622650603,0.28163733232404864,0.10202315952674973,2.2377119991200605,0.9669775281843894,0.22984016790867134,0.2991238499946807,0.23847146887609527,0.3877632776944158,0.07788566740415122,0.05109133060946455,0.0793169840106723,0.05092991435348483,1.7968629353483507,1.0382710402199846,0.820168516879966,0.8323687570565768,0.6414681458528242,1.1194455092975562,0.3935536733217574,0.3604326913392937,0.1444079030678002,0.13121451215718827,54.20585536127859,5.655703476148533,1.2196144529012658,1.167975962139931,0.353822485666942,1.9130267539641206,0.3473251892981358,0.7634529222076891,0.436636156575122,0.16767006445532776,1.2736608900681265,0.3126056610205714,0.5159755543497764,0.3536921427867643,0.15113178482009104,0.6872137808932036,0.5778670202182807,0.5515290992202867,0.2867340880234952,0.17095871522265094,0.02167548730297337,0.03295341746004765,0.019821875397005966,0.0367692034365434,0.03495539871758081,1.0132901202026732,0.3297639842475797,0.3990304035060472,0.4019356243259148,0.12299707468913823,1.3269719406899434,0.7539480196025852,0.5360599366336162,0.46463326904382574,0.18622423628788973,1.68308000624578,0.6861645935735525,0.4122900708654156,0.3719705727287708,0.11004012530043118,0
9.085316896438599,3.262288261093972,0.6138558755038859,0.7840437033389737,0.3203349361435645,0.1389726711909839,2.131365962182527,0.5389890226272812,0.8889779483034435,0.3341579094794358,0.12318607387263998,1.970488439565627,0.8608405059780316,0.8412888807715704,0.3322090029669913,0.22629969220581064,0.18037627064923922,0.061663742787127496,0.049970669581937875,0.04280379309689166,0.04719204908483919,2.172458657952229,1.3554336464224226,0.3674694134858888,0.9936391589657336,0.7104821706931626,1.0608845181380018,0.46318224581363665,0.44938324319497536,0.21145948483260044,0.14304119789175404,30.954370931064236,3.7870262279297586,1.422124280051718,1.5229421136981187,0.36133036528044216,1.5784152367168796,0.8677141975757581,1.284259571666969,0.4006057351260801,0.20933404321525226,1.7887075853408305,1.0221678453571676,1.049110967373688,0.3073238056273352,0.23200961889968164,1.3634735857601183,0.9351345340757644,0.7020566554493668,0.3793214395922112,0.2594749272095808,0.018891364157577292,0.05475662031658955,0.027822473578861404,0.022517224584317513,0.028781814370111753,1.1719040030394305,0.8536484013620866,0.6408912286375757,0.3651020761489845,0.14206298403713244,1.7863573428428496,1.4915251422965627,1.2756222004456421,0.4088180123502637,0.21550795305973536,2.2069656506736086,1.2802777874396285,1.5186243359955203,0.4428716829008166,0.19069589787579294,0
9.55224895477295,2.7236658993782203,0.8310756729500733,0.6658701463074579,0.3026184862682786,0.15381783154213832,1.7077474738519403,0.4489539137361162,0.674158556614297,0.3007564941434549,0.11783269286812285,1.3962533257879939,0.676572824372324,0.8947671196938729,0.3187227428162269,0.17591875163281823,0.18435096378345275,0.12816420377361315,0.07309119901041027,0.053417427107795366,0.03124867448627152,1.920954121354528,0.9827607222555302,0.21246117953819085,0.882794130932943,0.7731846903702233,1.0082318821196135,0.3974807603375465,0.5720694464665754,0.13969681646643387,0.110811961761181,19.972656806753356,3.4120929337151313,1.6827123490923348,1.0351656156800009,0.37683700606924664,1.5377305827697527,0.970405272129207,0.5683624944469398,0.33122796466475996,0.2133410832048806,2.1380764712167535,0.9802500088394575,0.8722484647569384,0.36616601056535786,0.22539808015548563,2.116845229007528,1.2287302941068778,0.6755435115113295,0.5469687454890785,0.24873903153041693,0.011759322699809761,0.05408042394496721,0.041409476570568746,0.016753449319617354,0.030917784945605535,1.5198165604486065,1.0349604653374322,0.7789084178829103,0.4086091115302999,0.1826661282545337,2.1802072995742656,1.451077397630226,1.2265534888569012,0.3712819145181056,0.27935872380220933,2.122734757867896,1.3728972577518,1.7649259827406483,0.5074455329014416,0.2999720504134805,0
10.06886601448059,2.1622418371457677,0.8214514988965838,0.2008123251945131,0.28904797301428453,0.13841070455647256,1.0941165161159099,0.30872712600989405,0.3020081026083585,0.4995363823765688,0.1444516694584172,0.754761766789412,0.35103067342833544,0.4676408458550336,0.4750138286487041,0.13679121967756733,0.05334972000431862,0.06499622805730203,0.07977271397368671,0.07011762574497504,0.055485325354104977,0.6494592663875626,1.5267197275181732,0.599129388769071,1.2749403705239601,0.7365274990529211,0.9609414762945165,0.40910918044319344,0.4948076584092285,0.11226262828238981,0.050876345822477076,21.880323146735574,4.192049061588089,2.354758299334861,0.6310195676954579,0.1862520002948221,1.5869771543357745,0.6558443073970334,0.403433573834553,0.538380384999296,0.12465513571454581,1.8471929579864457,0.45696072502286544,0.2723795407604195,0.42349401605002923,0.12878947967736767,1.8282678476405698,0.6200753818979252,0.2936034088658257,0.5018687371022,0.2187377478531599,0.015293348907251265,0.027740279633393112,0.024422698053254095,0.017203415686828056,0.02960535944336367,1.1168490568186473,0.3917637556020185,0.5746545011423367,0.5235838061263616,0.17401620830832176,1.9815349984168635,0.774210450588218,0.45021017291252313,0.5871258993250722,0.18967466111849804,1.2929573170624156,0.39032372384053055,0.8941637979976951,0.6719059554130613,0.20793873758957784,0
10.532847881317139,1.6475664414479871,0.3075313445896619,0.15582358826321327,0.29306028837741804,0.12545343339832912,0.8223043598687876,0.23270161550352297,0.29666057835490683,0.3750140534157058,0.18041153131566667,0.735889874766099,0.2936808988472843,0.1999068536789814,0.5913429313935558,0.1766964797007527,0.028173955177459076,0.03586095984484539,0.07411560981835752,0.08081662757341462,0.06851077336178281,0.519718658993212,2.2930614501244526,0.8193840563658483,1.3586427558127685,0.7955648828475659,0.7675175033299335,0.6569620148264239,0.2612136645101349,0.1653577574986246,0.0871061531285248,23.674216116324686,7.019944136744279,1.6206262642205607,0.5734929494736799,0.18743889069265182,1.9546653100235594,1.027578408109347,0.313427647671035,0.43834321866278964,0.1330841291396588,2.0021155722162356,0.7982406740872654,0.20855804393688762,0.3194607354513086,0.152330706344843,2.0773868804674156,0.3971118785091153,0.285743609894201,0.47647084510316406,0.2511494794385514,0.022093645777776755,0.061562821490469065,0.023299263928931724,0.01603808602501841,0.032891240077851575,1.2572333993190736,0.29242834645257665,0.30276275113254836,0.4672931263638934,0.20060987547753995,2.5929234600568045,0.5314821254583584,0.41275629871014363,0.5844948854941556,0.21625955013119688,2.104128543295362,0.5205375495243181,0.5890780237792824,0.5590234179654062,0.18393874724495574,0
11.05486798286438,1.7240381950710342,0.15694799648765917,0.17646128217874138,0.2256867804861801,0.13197177037246655,0.8713826539742662,0.25540597296620793,0.21555999111967458,0.24901779289842302,0.18451903790558244,1.3788680668697038,0.3280717179557697,0.27271822426324666,0.5100969297224727,0.17307481902546415,0.03432615618407635,0.026600326545370683,0.024605145596926545,0.054636488603815314,0.045361326164722375,0.5769572322715777,1.2592734225124107,0.7013831307173509,0.8793003544839226,0.7170100113098202,0.41635487331194165,0.34192429542622826,0.2067641736868601,0.23265027969672875,0.1579922185390043,10.077922785267623,4.116448995849873,1.629872187061137,0.9776727209153485,0.3277980900857091,0.79137263469114,0.4850691173566164,0.38362267724324806,0.45054840538758845,0.2213628269150374,1.293658882444765,0.39701063936613745,0.2214654484301781,0.3168285663398832,0.22865051948077772,1.814520510299709,0.24094039620428337,0.5849994944304968,0.5804929386949836,0.5072182349319038,0.012794382806673586,0.044641504848035765,0.028421136736938222,0.025887005586018055,0.03635909004139244,1.706284322995603,0.17733165283954289,0.37269153452970344,0.5259446618792845,0.27042456921429586,2.3302660053088964,0.43677399242067616,0.7965868058689727,0.5546408774326332,0.4045215584119651,4.0934253263235,0.36168281280412473,0.6488918028076945,0.5152964022891873,0.27681804998456744,0
11.567957878112793,1.2561029869006803,0.3258323391425166,0.18152294073190292,0.17375210158047386,0.1284361699828366,0.9394305941655221,0.30518976039619816,0.18642070474772757,0.2407043483757436,0.13960152204061974,2.6674926852771104,0.35849267808129925,0.400644460019007,0.24617539302823865,0.16218840508946084,0.02635523781704492,0.02617191605562559,0.016125350978174673,0.040363195711451465,0.04392204370771134,0.9236253319858636,1.0335737720151048,0.7577406228559938,0.8419894499095363,0.7409375872961013,0.5719093398236335,0.2163380453152818,0.2161491429956221,0.2465228499883587,0.1060906502492313,9.502007584913843,3.0106182406024455,3.0555898665960037,0.8647583835129615,0.3702773950789088,0.530786570484847,0.5746591619662595,0.5570531813036314,0.40931380379922777,0.18281562526226627,1.2799512503680022,0.25078414077469036,0.1997820220115244,0.3094448752062934,0.21025624817331418,1.5743739362049434,0.25042240246033926,0.786436907645835,0.6317402887236566,0.3958599468021349,0.0323088178213721,0.025028794168398674,0.02298735033333075,0.03379287941227335,0.03596426047083597,1.766720366113613,0.11306573712939616,0.3951479990501832,0.5336599122712345,0.23382126290165867,1.716278477304643,0.38392927546094446,0.8291151710275719,0.38209879988596296,0.32784548435794375,2.7804206747093234,0.2543504952643658,0.5935435005257381,0.3917694574507763,0.2509319615503969,0
11.672621011734009,1.2561029869006803,0.3258323391425166,0.18152294073190292,0.17375210158047386,0.1284361699828366,0.9394305941655221,0.30518976039619816,0.18642070474772757,0.2407043483757436,0.13960152204061974,2.6674926852771104,0.35849267808129925,0.400644460019007,0.24617539302823865,0.16218840508946084,0.02635523781704492,0.02617191605562559,0.016125350978174673,0.040363195711451465,0.04392204370771134,0.9236253319858636,1.0335737720151048,0.7577406228559938,0.8419894499095363,0.7409375872961013,0.5719093398236335,0.2163380453152818,0.2161491429956221,0.2465228499883587,0.1060906502492313,9.502007584913843,3.0106182406024455,3.0555898665960037,0.8647583835129615,0.3702773950789088,0.530786570484847,0.5746591619662595,0.5570531813036314,0.40931380379922777,0.18281562526226627,1.2799512503680022,0.25078414077469036,0.1997820220115244,0.3094448752062934,0.21025624817331418,1.5743739362049434,0.25042240246033926,0.786436907645835,0.6317402887236566,0.3958599468021349,0.0323088178213721,0.025028794168398674,0.02298735033333075,0.03379287941227335,0.03596426047083597,1.766720366113613,0.11306573712939616,0.3951479990501832,0.5336599122712345,0.23382126290165867,1.716278477304643,0.38392927546094446,0.8291151710275719,0.38209879988596296,0.32784548435794375,2.7804206747093234,0.2543504952643658,0.5935435005257381,0.3917694574507763,0.2509319615503969,0
12.033860921859741,1.03360763406383,0.381791679120102,0.17590198845693777,0.21853117244130726,0.15291681144158278,1.0864858955898247,0.25072127779999553,0.15390693199213756,0.1997185425583016,0.10279503056832599,1.884654141589296,0.26822519776597376,0.19190969686147155,0.25272707054300736,0.18992225384212844,0.0313421065237922,0.03602711128851466,0.02057794907033232,0.03626184787169686,0.04062928774731219,0.9968169684217716,0.7590472458476986,0.619635142013585,0.8015303713417864,0.5870418998690191,0.8034117678427586,0.2858805110926918,0.19775616051263606,0.14382357019430217,0.07982083816271358,14.936562442910384,5.219646665866211,4.369661507719232,0.739107244159555,0.32968309867257467,0.5984334543101316,0.8340781564236243,0.6602093177344952,0.29317627289354276,0.12077700351503318,1.2556063753706295,0.3197003478968732,0.27538186204739845,0.2510817658409746,0.14921517678412266,1.5734594196486988,0.22192766012312662,0.7401688504516115,0.4087789061751308,0.2284496371969441,0.04020588428856738,0.025854218716109982,0.029895964182876416,0.0315637133971695,0.032096596738584136,1.7308026264932574,0.30859878709190514,0.2171416314075646,0.5386142368186067,0.23091709595615223,2.6193438688245636,0.24148279418493987,0.4548661935897739,0.1652130295561569,0.21974445283718164,1.6876713904109637,0.38593768163559006,0.3185538867517867,0.4134722087847189,0.17483705923591963,0
12.556607961654663,1.5588644770307207,0.25044879123981306,0.6071605292786186,0.27353465267904076,0.18518003123742882,1.443696788649619,0.30117788198786694,0.7807201068239086,0.15549030757938764,0.1131803221993183,1.278645458289895,0.4038889303847522,0.8931514703083305,0.2274957855135961,0.16497690140887372,0.06472354989610254,0.024852676028102694,0.026381780953446586,0.027026819054451545,0.03429067753337541,0.8475553788442789,0.6813061506378083,0.6153067664977528,0.9572952667121228,0.5836227743996294,0.3889490213462125,0.32536452367882707,0.40444985877211564,0.13135160376449423,0.08672090205691164,11.983652103259788,12.930946464033253,3.449970528125824,1.0799092582113679,0.29535788883056074,0.4514833503829927,0.7771871738980725,1.5103015830117574,0.5152887904047495,0.10649064811434027,1.0559209141695145,0.3754954094565458,0.7604235956448401,0.46321243730031003,0.13781527996600756,1.2572807502498795,0.30508013788808275,0.8714953359697679,0.6110709834657847,0.25387261876476186,0.03573944148963502,0.02957640566511511,0.025107685231980044,0.029853474870134677,0.04000083803012933,1.1700589621976052,0.6510648251035754,1.171121020086067,0.41525016780955354,0.18685028800252648,2.279312837355078,0.4470806911020005,1.2034956735229185,0.3154560719251334,0.18233008866098774,1.4535941236317815,0.5896960791715921,1.4385043709312522,0.4168606343916334,0.18167132816912201,0
13.017960786819458,1.265849282731269,0.3281265153971053,0.9800579229702279,0.24733161404180587,0.2601301183362796,1.0383595482252652,0.4884369107536897,1.2870921403282916,0.23593699713566726,0.1987280642400297,1.4952338649975925,0.665929183439973,1.6979305129642746,0.3030317346948528,0.2534015994699208,0.06346434832524123,0.0408464887954144,0.04082398178680416,0.02846609996606072,0.036946104615071695,0.686546136937755,0.4775490841270287,0.5982231033235357,1.091391397516654,0.4813449982138376,0.22553228108667056,0.3768653032375996,0.5633227017283056,0.09116553494299728,0.09451161447601587,16.899615656153927,9.204522103516881,5.365526122011974,1.21686470121073,0.386046556187893,0.3941987678415472,0.765575243583142,2.184947766888582,0.4917323884420183,0.17846898584727208,0.6984597260151818,0.6725773636207033,1.1543666085614785,0.44004260697934344,0.18393322771898904,0.8010637891259882,0.6702433827795916,1.2874730953670468,0.6295560007835618,0.3336262780320949,0.04474118656558286,0.04528064140470848,0.04527450892520547,0.032142962249698405,0.03758458861437696,1.3840157914143065,0.7251827841036113,2.064564269155884,0.44113848859795884,0.1917681809740363,1.616224223686958,0.9005199690590064,2.1140886014497626,0.4274617573286795,0.2591879909865729,1.2341502911062892,0.9137305290942707,2.4290216996703213,0.4186780646679562,0.264458376448217,0
13.535892009735107,1.1599350782129285,0.9346261275803367,0.9649401706977808,0.266968521408822,0.21605431720816726,1.028374428862139,1.0316917484100356,1.008996312231074,0.3358523055302409,0.16837732119267962,1.9515591551456326,1.3419655152391923,1.2596708673807397,0.31639777003891983,0.22023849690125352,0.04454210248401006,0.056505169641778125,0.06621842770428762,0.03863065869162475,0.0508516769567093,0.9952848390887983,0.43694799939051243,0.6104164016728623,0.6730711719081407,0.24232717347712474,0.38277412023080926,0.3472888557543952,0.38509466485150157,0.12636560747924,0.10281343802377886,19.862874641726346,3.253508090781688,3.3501860851578438,1.1327903920163944,0.39204462126585604,0.3209840332913887,1.0798986589612927,6.044381891818196,0.4052856047362594,0.24173652342265795,0.5728296155802056,1.5431637037723045,2.653175316265134,0.2773933059855968,0.23624960476205561,0.6510132384845162,1.2899723805778942,2.45795537919519,0.4724142890508799,0.3398300263315941,0.05971697083918845,0.05295374573594462,0.07837847440494672,0.02441912441979507,0.026787333315381856,2.0634529837818634,1.8092952642076772,2.143215348682682,0.33920892996418955,0.2615147438455609,1.6811779992045635,2.37000635587793,3.0411574639529704,0.36989335369518644,0.24035143612735713,1.9795373541257557,2.501969526981162,3.102258876717428,0.3280920622210345,0.276666645009219,0
14.052558898925781,1.078395158748985,0.8737645850433081,0.7255294996606091,0.43991538602206076,0.11807850560260201,0.7302426594134678,0.7282499284021409,0.7686583806526963,0.4549394347096731,0.09784942971614231,1.4402401800966032,1.0835079186734928,0.9087877399828401,0.37470554799052924,0.11364041590565128,0.04482405370914243,0.0669758599270565,0.12492807356784771,0.04303684356114233,0.047762133200671374,0.620045086680234,0.4034273776531609,0.4271154374493658,0.354996171844309,0.09637704418265847,0.36697493424939087,0.28483682729213267,0.19200308676031563,0.11453664135437135,0.05839333856122428,6.666830500417969,1.1200704158394137,1.3244061219045105,0.7715141659671844,0.19026932014045217,0.35743104441432216,1.5209953305635058,5.010395313863817,0.46709313215590503,0.13277894213548,0.5775643273274409,1.1131466232676552,1.8924090875991872,0.3071105459246888,0.1179159283756716,0.6428342197030826,1.005299233020566,1.7387689795250927,0.41210443947732156,0.3045805017326588,0.031267544551813554,0.030229367092583313,0.039649781854137894,0.033326755099962545,0.018161150082489308,1.3518472431417714,1.3246355691693357,1.4152470084436315,0.3922301635685143,0.21028238433283514,1.1109536512869322,1.9139946704429451,2.0885975415134905,0.4859453667564436,0.18836427608803957,1.3567013055318542,2.121622523768534,2.2179058782115963,0.5733714863416988,0.21848909611665837,0
14.571277856826782,0.9992185085444775,0.48743838684209845,0.4968764306588402,0.5427681793762059,0.09700524881253207,0.4714883889434129,0.26576280826027354,0.4823903244184728,0.5272532797157243,0.09814516753403056,0.6651196536020275,0.3894584824463851,0.7235168012884428,0.5610336495597136,0.12866214150741156,0.03364571542314315,0.10226199318417944,0.11813432825102982,0.05473158764757103,0.03725891462480085,0.6041848945255488,0.37012474880133023,0.3907039489175061,0.33856200586653284,0.10884284992408995,0.5153468674588824,0.2778348765346854,0.19077872142228702,0.09801240611516264,0.062277585144035225,3.7065513336357867,1.0425297312418063,1.1945849309338152,0.6547788329307547,0.21770423235771214,0.44049884192602207,0.8313831094111979,1.1005372520432397,0.35622116761840744,0.09788557885257144,0.7191601755821017,0.4022366549309932,0.6390091326827985,0.34647626998655245,0.08141567401406385,0.7726635992799635,0.5802781263780523,0.9362072094174351,0.44830491159935787,0.23706279520897536,0.013791643652963632,0.032837730987374435,0.01710089405176318,0.03548137302745591,0.025580310228937576,0.7257215252828227,0.3104905423789631,0.7577996961642006,0.48322836940663644,0.14640210971015236,1.0502608221568752,0.7621229426855237,0.9253389896158415,0.6304257814573411,0.17286277080143814,1.0118439955742102,0.9467640035470603,0.8596289926884785,0.7441320932097308,0.20732645254515525,0
15.088303804397583,1.630128080746571,0.3959771866521604,0.2867551038753091,0.2493087568043864,0.13467452637709781,0.5883558375948778,0.21790049777007242,0.21190051627196227,0.21596569936220528,0.10086664916476201,0.575668238783672,0.3211590726401664,0.28096627625572385,0.30947503587197717,0.16316883699598478,0.023630899682070623,0.09512552990848824,0.05806800823582795,0.03952461932187063,0.03769561847185886,0.4713858366686221,0.1826398536573618,0.13974972059399055,0.15322015702300149,0.11227684408812962,0.4814143437163784,0.16727832670015663,0.14465737842086324,0.1069972680738135,0.06380303946335614,5.313330674450245,1.0979088561131054,0.7611740077097094,0.6198871567899286,0.2802512623981999,0.471597509686557,0.6543335772365911,0.2185248300075705,0.20947363160357538,0.12466491963420956,0.5378365001795671,0.45002665887071447,0.23820499024230793,0.16835310646312754,0.09455551357023351,0.6477132616644056,0.5335221889629312,0.7536384241384272,0.2779141048709629,0.2708010457008653,0.023193551438473087,0.03320202135405205,0.02412037212827694,0.019153746433813283,0.029116798301265158,0.8770673258676358,0.23878159180425657,0.32013277996305806,0.33562945836692376,0.13076600262608165,1.2483524202231533,0.6356971168426847,0.5346035990725284,0.3988634757837872,0.14784569912002388,1.4171972459597098,0.5685351403996094,0.32873030486003324,0.34677834298611243,0.18892822921281338,0
15.552133798599243,0.9171113298954816,0.34764616334242937,0.17275316013100714,0.3130554133805278,0.1309685153707247,0.6740503311531167,0.31191821126697983,0.1377520585007147,0.22229828730656512,0.099422162038228,1.0924044354592093,0.3181585830234311,0.2078395487885264,0.37067797256297214,0.14466739125505695,0.027046868795879576,0.07250177358922096,0.028454067638850153,0.05226671551434642,0.03000925055075683,0.39751304316273306,0.1686439222687262,0.11919167916598344,0.13180441620207592,0.07938406512034969,0.3037965785233405,0.1527465464162963,0.14498474482782076,0.15579291667346706,0.05842004647424422,3.764186929559569,1.5199903709606528,0.5488990574355656,0.8951107396336567,0.21670873817414582,0.38872819062166575,0.4683470813821522,0.23772014713412862,0.15820112533961772,0.11134039111526071,0.7457404297489292,0.4493649353743514,0.29253662275375647,0.1275532210885747,0.16323988028306544,1.1496494078183686,0.30669679960354035,0.5486774983739211,0.2931845548277437,0.24747875682002032,0.017304419942185845,0.01710239805930038,0.021662027408391436,0.02257364491203367,0.026174418494244702,0.8378139326990717,0.30232274604807813,0.36495931234377144,0.5074297877202348,0.15437613677160295,1.3669241428222696,0.49557208931459384,0.48036538893942904,0.3467963558661986,0.18678537450550955,1.5601774881190495,0.5053410860725164,0.42715861973269686,0.6543344433388433,0.19917207907074247,0
16.069588899612427,0.27888884173465,0.41631644732828454,0.2683444648585008,0.4468940175588808,0.11311708082105182,0.3726011147653742,0.175486558301688,0.19172325275555613,0.31793185765101856,0.10726809353538609,0.8488011840750284,0.28974732104771295,0.3794700518518342,0.4658330444759986,0.15047261878094878,0.01577335223280851,0.04389146372894727,0.026852217738904574,0.05574883623543517,0.022250474037955072,0.19184432531190462,0.1930896922842284,0.14988901730348958,0.13748421888738624,0.12706046948263824,0.31662339100170356,0.08424028028600838,0.1325354551773913,0.1273829643237318,0.04985999658843051,2.6498576745210998,1.7754733459588636,1.0139645795269845,0.8057047487581425,0.26636019500938835,0.7750791332576223,0.5981483740882027,0.6390305873302898,0.14514686713523492,0.1332393118298401,0.7388365479462402,0.43938235123988467,0.5254117298020231,0.20459835781573846,0.18653288697389517,1.2715278415349864,0.3377854628246224,0.4599474576151991,0.36715447031950155,0.1903959421935352,0.018452258318845043,0.017018028393473925,0.017392215933620243,0.03393027407212203,0.03224540117763283,0.4233240692307223,0.4356600273194525,0.47143049945180987,0.5444293535181914,0.14059303673161863,1.1703859863683894,0.6326190748768524,0.5499038303838734,0.4960263173765041,0.24874926920419202,0.9948375864426213,0.7567578435449046,0.6045508278467406,0.8422100649630048,0.17453551306765075,0
16.583926916122437,0.7424842913974481,0.6307466206070168,0.40689377200859017,0.29231267659552496,0.12534593957419068,0.7996112258209574,0.2448462624542305,0.29213219784593436,0.20562027867007898,0.15285363765525775,0.5422822291997851,0.28873173432277294,0.42985889016133166,0.30144070146041324,0.19140584811024136,0.03056773827786659,0.021659164176650533,0.0213900759774198,0.05164915410245165,0.02917639542814351,0.22381008807666206,0.1412604843428476,0.14055378795419599,0.11034618019578708,0.13573552293780144,0.3525989708123467,0.12375524292376452,0.13325030693298037,0.0920262074889008,0.04838621223868067,2.087747568662722,1.8506327389120218,1.7890602454676718,0.5505146662062799,0.2852018093088944,1.1744937120616594,0.6097819599874416,1.2288001090455856,0.25097919800488233,0.1801129281058235,0.6832477760998352,0.346148564121773,0.4010203021724626,0.2178520999259432,0.15408542684313511,0.9597075817364598,0.5167607968321857,0.42644466456819097,0.3477457949527481,0.22120429568535988,0.024834710022763447,0.030591405439086998,0.022481994318170672,0.02778707510248195,0.03582036443762159,0.5706495789559657,0.29207633795829113,0.4301352193060759,0.38331436017602716,0.1269789655044235,0.8943453578942324,0.5315294288736637,0.6017237188747022,0.44699551500413415,0.273160169994802,0.9897496506621307,0.4792120742755088,0.5612552044718677,0.3600183208874876,0.17359136451007934,0
16.688963890075684,0.7424842913974481,0.6307466206070168,0.40689377200859017,0.29231267659552496,0.12534593957419068,0.7996112258209574,0.2448462624542305,0.29213219784593436,0.20562027867007898,0.15285363765525775,0.5422822291997851,0.28873173432277294,0.42985889016133166,0.30144070146041324,0.19140584811024136,0.03056773827786659,0.021659164176650533,0.0213900759774198,0.05164915410245165,0.02917639542814351,0.22381008807666206,0.1412604843428476,0.14055378795419599,0.11034618019578708,0.13573552293780144,0.3525989708123467,0.12375524292376452,0.13325030693298037,0.0920262074889008,0.04838621223868067,2.087747568662722,1.8506327389120218,1.7890602454676718,0.5505146662062799,0.2852018093088944,1.1744937120616594,0.6097819599874416,1.2288001090455856,0.25097919800488233,0.1801129281058235,0.6832477760998352,0.346148564121773,0.4010203021724626,0.2178520999259432,0.15408542684313511,0.9597075817364598,0.5167607968321857,0.42644466456819097,0.3477457949527481,0.22120429568535988,0.024834710022763447,0.030591405439086998,0.022481994318170672,0.02778707510248195,0.03582036443762159,0.5706495789559657,0.29207633795829113,0.4301352193060759,0.38331436017602716,0.1269789655044235,0.8943453578942324,0.5315294288736637,0.6017237188747022,0.44699551500413415,0.273160169994802,0.9897496506621307,0.4792120742755088,0.5612552044718677,0.3600183208874876,0.17359136451007934,0
16.792558908462524,0.7424842913974481,0.6307466206070168,0.40689377200859017,0.29231267659552496,0.12534593957419068,0.7996112258209574,0.2448462624542305,0.29213219784593436,0.20562027867007898,0.15285363765525775,0.5422822291997851,0.28873173432277294,0.42985889016133166,0.30144070146041324,0.19140584811024136,0.03056773827786659,0.021659164176650533,0.0213900759774198,0.05164915410245165,0.02917639542814351,0.22381008807666206,0.1412604843428476,0.14055378795419599,0.11034618019578708,0.13573552293780144,0.3525989708123467,0.12375524292376452,0.13325030693298037,0.0920262074889008,0.04838621223868067,2.087747568662722,1.8506327389120218,1.7890602454676718,0.5505146662062799,0.2852018093088944,1.1744937120616594,0.6097819599874416,1.2288001090455856,0.25097919800488233,0.1801129281058235,0.6832477760998352,0.346148564121773,0.4010203021724626,0.2178520999259432,0.15408542684313511,0.9597075817364598,0.5167607968321857,0.42644466456819097,0.3477457949527481,0.22120429568535988,0.024834710022763447,0.030591405439086998,0.022481994318170672,0.02778707510248195,0.03582036443762159,0.5706495789559657,0.29207633795829113,0.4301352193060759,0.38331436017602716,0.1269789655044235,0.8943453578942324,0.5315294288736637,0.6017237188747022,0.44699551500413415,0.273160169994802,0.9897496506621307,0.4792120742755088,0.5612552044718677,0.3600183208874876,0.17359136451007934,0
16.946716785430908,0.7424842913974481,0.6307466206070168,0.40689377200859017,0.29231267659552496,0.12534593957419068,0.7996112258209574,0.2448462624542305,0.29213219784593436,0.20562027867007898,0.15285363765525775,0.5422822291997851,0.28873173432277294,0.42985889016133166,0.30144070146041324,0.19140584811024136,0.03056773827786659,0.021659164176650533,0.0213900759774198,0.05164915410245165,0.02917639542814351,0.22381008807666206,0.1412604843428476,0.14055378795419599,0.11034618019578708,0.13573552293780144,0.3525989708123467,0.12375524292376452,0.13325030693298037,0.0920262074889008,0.04838621223868067,2.087747568662722,1.8506327389120218,1.7890602454676718,0.5505146662062799,0.2852018093088944,1.1744937120616594,0.6097819599874416,1.2288001090455856,0.25097919800488233,0.1801129281058235,0.6832477760998352,0.346148564121773,0.4010203021724626,0.2178520999259432,0.15408542684313511,0.9597075817364598,0.5167607968321857,0.42644466456819097,0.3477457949527481,0.22120429568535988,0.024834710022763447,0.030591405439086998,0.022481994318170672,0.02778707510248195,0.03582036443762159,0.5706495789559657,0.29207633795829113,0.4301352193060759,0.38331436017602716,0.1269789655044235,0.8943453578942324,0.5315294288736637,0.6017237188747022,0.44699551500413415,0.273160169994802,0.9897496506621307,0.4792120742755088,0.5612552044718677,0.3600183208874876,0.17359136451007934,0
17.0506808757782,1.779939229952544,0.696032835984548,0.3728195943975676,0.15036510535258676,0.1389297975146833,11.395155784095751,1.9794669858235576,0.7260340795606938,0.5482492878550499,0.25958129978823913,0.9666152502944683,0.1169628459147985,0.2437357968152445,0.1574003665991035,0.16759229262197636,0.03651505189293591,0.015995879390339602,0.03210376190177813,0.03167993906987112,0.035426305690791124,1.1337572396286275,0.23211104166346053,0.20284223993611172,0.0721248057324519,0.13138510958229835,0.7281993648350944,0.10327418779391882,0.1431867161252607,0.07209370351832885,0.06256626381036481,3.024933333430993,1.8902851736737887,2.8507462155113155,0.9043618332680655,0.2787229843228279,1.6419655689422523,0.432309538135292,0.6901741910898952,0.22480276068566563,0.15819336400052528,1.4796697847456879,0.21588538887762415,0.30488026026820964,0.19219915500417029,0.11315920905224149,2.1346217366182625,0.32015180038947516,0.4575219242818098,0.26789869110561965,0.2139490896559463,0.023995472631980125,0.024001712618723133,0.02660815844790734,0.020290917352410547,0.03205133507756693,1.565406465772142,0.09441363511409631,0.6326077399678629,0.21861370092132268,0.1179060596815165,2.4912064396342553,0.23561189807253305,0.6862164235250094,0.27396788121942567,0.23559860347847167,3.4306615003875813,0.21880537741934966,0.6554117206889256,0.1779744182139308,0.1824143345169522,0
17.562349796295166,1.85298769829534,0.48575207397174,0.24277963377360287,0.1122796028522675,0.12493777748649447,16.71671497448424,2.8261756646710574,1.0644003729978477,0.7875732014271065,0.29963489587935543,0.9079851260310403,0.21800260632515675,0.2513745383619488,0.22445708227227856,0.14894730386091362,0.03819598030424359,0.01970922850487626,0.03733935665182345,0.05129188987016846,0.049993423758901825,1.1295371603453257,0.3737249421668004,0.2804450505383001,0.06550541948555048,0.11343100061246993,0.5545532228206214,0.18506252250791666,0.12396347987360411,0.05843648606428271,0.07391011102934085,3.3665520920534946,0.9314198578390642,2.0045878302835543,0.9642926246692292,0.3034357192597444,1.0763126780356997,0.6994489794215029,0.34684237672784124,0.3612674791558255,0.12654953311371778,1.351139658428551,0.3464337220145212,0.22084305349888078,0.2294736729448556,0.13506668082061657,1.998913500404985,0.3810391597115193,0.20724913998428615,0.37772240744383145,0.206063782116624,0.02936504522212348,0.012801284963237014,0.012773506155712886,0.02309748298500972,0.025868068163777572,1.4595083827485626,0.14333758344916037,0.4025340736841624,0.195648987091944,0.13577972083454587,2.3418941186388533,0.2454761810308801,0.5400592141577325,0.21307102017682078,0.19405519491792486,2.9468423857746147,0.3408702829434638,0.6368163647518565,0.1735282438322856,0.16743375603630975,0
18.075644969940186,1.246199528630206,0.5207979971530109,0.22603567599201252,0.1658121825399028,0.18108117641927868,2.7576894821518514,0.7828138053415477,0.25079310556986767,0.33649789293231996,0.14152674763120215,0.9805200374730839,0.45816254287118746,0.16948273268440228,0.3440713864661781,0.1911033983803575,0.04970629743848599,0.007241141410018488,0.023908095312955284,0.062377869726405265,0.06584063467432318,0.6084567154295668,0.42977790825729045,0.23124965236385067,0.1205197277703989,0.09623015042609631,0.8946785757351758,0.2766523026761413,0.09802914017759005,0.06882541965660224,0.09643606357831311,5.58038917221057,1.4935029471747394,1.5637078208187103,0.7586834836012337,0.3239471397672087,2.1398067443584856,0.8718038388971613,0.4985024921863466,0.6732451801992001,0.1810028940786076,2.191776973198688,0.607238447126016,0.2662346574001643,0.4471139642751824,0.14563411495166173,1.842549390407108,0.8128305411472495,0.13423175941092635,0.5004446849767759,0.22758476191273966,0.027979845531375058,0.029592920705020342,0.018234278351598732,0.027750421155148502,0.020776837917062706,1.3521842751350064,0.3985295852986598,0.22752626696876643,0.3029779910344356,0.2064300075959404,1.2126712857667088,0.59540557734896,0.4773685809023849,0.28241336455719884,0.1638943667329961,1.2279701281652367,0.6235881814503154,0.47333843473437665,0.30904855761081074,0.22691797317994217,0
18.593958854675293,1.4503626838869565,0.4255647598173556,0.4020730196626851,0.19781786371433815,0.1944852040353982,1.4308681465327067,0.6763885206546529,0.21872113843438507,0.21416824513536567,0.11102337818347194,1.1383361708974122,0.46819703726383427,0.45798850074096353,0.24451738933087033,0.1729520915949006,0.049581925132698865,0.00785831090058517,0.011050892909463055,0.053586176545748,0.05126359047463918,0.7104561957311581,0.5784964682986661,0.08479878572150512,0.11660355635653655,0.07230015532124079,1.0067142341843953,0.19796872288885667,0.09275137141487536,0.06811660455237609,0.07840271495953098,6.564852344944514,1.9365345304803665,1.6254625514790288,0.9160647486308389,0.2864149349854151,1.907658538851314,0.2991055885111935,0.4415927932307573,0.360791765988269,0.12973576795368927,2.351469644562644,0.3942401135686537,0.26242406064914897,0.4785758400887652,0.11945624996289045,2.836104482638265,0.6863399634115142,0.1922727276496984,0.42428205282766696,0.22268208678825968,0.03834271743049516,0.03770981669929399,0.031105120830690218,0.03075041966616062,0.017358739322525744,2.167031953773512,0.4921584750645763,0.4366630106171623,0.31730983897784315,0.1550038776641935,2.8545201448052016,0.5930048277574363,0.49768747583541334,0.3364094469834373,0.16292326900394966,2.9274366698381673,0.7058794222146169,0.4252500093815634,0.2728479015602277,0.18673578310979005,0
19.063143014907837,1.070306883665184,0.467198104164311,0.6407501224584506,0.23276669508338668,0.15376044548628592,1.3005633687456732,0.5315614929834491,0.5234899618735667,0.17859882617236786,0.11852795210520672,1.015940358124169,0.4839961769022396,0.7105143090060498,0.29535703129667823,0.15460415488434195,0.0384187016665715,0.020035318736478257,0.023605632895527962,0.07727736355152638,0.0433534931219616,0.4356676330607716,0.6786801575200987,0.22311653143908222,0.23271450926428994,0.09728361764660876,0.4407856546219765,0.2345795325970911,0.08676003524033449,0.11527801861344542,0.07954904944442912,1.961049344288616,0.6436495223828111,0.7575443278032781,0.8131960908057948,0.20627182072605033,0.5611190450085987,0.13998091424216788,0.7748502231151685,0.2380760698625925,0.10981045426699834,1.0521203953794815,0.2459796242871492,0.22747954683166294,0.37654973837884725,0.08911353622741364,2.2182139018134746,0.5061961130071453,0.5697798584017875,0.41889920871969455,0.17158058242218996,0.0579168501043332,0.028652411927361163,0.013707704764604742,0.033869898097362086,0.025932041117924496,2.5045352394444125,0.5115913188226621,0.6058730853669321,0.3303759513696455,0.12568454415020533,3.910080545084994,0.5244614832971095,0.5701770206788794,0.3102767323708809,0.14910676147650453,3.5376038897666273,0.549945711109419,0.6283049994190546,0.28711145415234346,0.14444383848127232,0
19.58282995223999,0.8770271352663879,0.5288609072045778,0.3932779124488749,0.2904025011019093,0.16582759279724946,0.43277224174498774,0.3519129364749528,0.39850762783326565,0.19453612439119594,0.10327761326779324,0.7256879738696274,0.33900905251737845,0.43160376717805354,0.3254499367639654,0.1611354149291676,0.022631271683976564,0.017284956139048405,0.030265082321173913,0.06550921491706158,0.031158980913338775,0.1973602403112976,0.5560273672990159,0.27302390142103455,0.25961130623934947,0.0950804397049938,0.2718319700640071,0.21264248526494783,0.10288900490906439,0.18735054767040546,0.10094045795495203,1.327538428892291,0.7466561451128796,0.782758170194188,0.9006067390291514,0.15154710088841086,0.7045007835067689,0.20030100953571262,0.6232159920225269,0.2799126422684192,0.14198727661060262,0.435803862591172,0.1956981000581485,0.17838295738622084,0.37815293356312285,0.09758225720781004,0.6567284536271907,0.5514439714644113,0.7741033474731114,0.49714058715366566,0.11202386629831312,0.05371562581336017,0.03232537193472601,0.018625748429074277,0.021669315200876903,0.029420771629464673,0.7451333925652677,0.4167770659097318,0.552648194581038,0.48020036875778693,0.12508481380961564,1.0929096727773213,0.46558235419135635,0.5678323138886912,0.4701186330873335,0.13821064061780605,1.2263506442572418,0.4995743517435572,0.5953645773260221,0.46568611976148455,0.1412865858797636,0
